Product,Rate,Price
Samsung 6 kg 5 star Inverter Fully Automatic Front Load with In-built Heater White,4.4,21990
MarQ by Flipkart 7 kg 5 star Fully Automatic Front Load with In-built Heater Silver,4.2,18990
IFB 6 kg 5 Star Fully Automatic Front Load with In-built Heater White,4.3,21490
Motorola 10.5 kg 5 Star Smart Wi-Fi Enabled Inverter Technology Fully Automatic Front Load with In-bui...,4.2,33990
MarQ by Flipkart 6 kg 5 Star Fully Automatic Front Load with In-built Heater Silver,4.3,16490
LG 6 kg 5 Star Fully Automatic Front Load with In-built Heater White,4.4,23990
IFB 6 kg 5 Star Fully Automatic Front Load with In-built Heater Silver,4.3,22990
LG 7 kg 5 Star Fully Automatic Front Load with In-built Heater Silver,4.4,29990
MarQ by Flipkart 10.2 kg with Inverter Technology Fully Automatic Front Load with In-built Heater Silv...,4.3,25990
IFB 8 kg 5 Star Fully Automatic Front Load with In-built Heater Silver,4.4,34990
IFB 8 kg Fully Automatic Front Load with In-built Heater White,4.4,32990
"IFB 7 kg Fully Automatic Front Load with In-built Heater Black, White",4.3,29490
Sansui 7 kg Steam Wash Fully Automatic Front Load with In-built Heater Grey,4.2,20490
Motorola 8kg 5 Star Smart Wi-Fi Enabled Inverter Technology Fully Automatic Front Load with In-built H...,4.2,31490
Samsung 6.5 kg 5 star Inverter Fully Automatic Front Load with In-built Heater White,4.4,25990
LG 8 kg 5 Star Fully Automatic Front Load with In-built Heater Silver,4.4,33490
IFB 7 kg 5 Star Fully Automatic Front Load with In-built Heater Silver,4.4,31690
Samsung 7 kg 5 star inverter Fully Automatic Front Load with In-built Heater White,4.4,28190
LG 9 kg 5 Star Fully Automatic Front Load with In-built Heater Silver,4.5,42990
Galanz 6 kg Quick Wash Fully Automatic Front Load with In-built Heater White,4.1,16990
IFB 8.5 kg 5 Star Fully Automatic Front Load with In-built Heater White,4.3,40490
IFB 8 kg 5 Star Fully Automatic Front Load with In-built Heater Silver,4.3,34990
LG 6.5 kg 5 Star Fully Automatic Front Load with In-built Heater Silver,4.4,26490
Motorola 7 kg Inverter Technology Fully Automatic Front Load with In-built Heater White,4.2,24990
LG 8 kg 5 Star Fully Automatic Front Load with In-built Heater Silver,4.5,38990
"Sansui 6 kg Steam Wash Fully Automatic Front Load with In-built Heater Silver, Grey",4.2,18490
IFB 6 kg Fully Automatic Front Load with In-built Heater White,4.4,23940
IFB 6.5 kg 5 Star Fully Automatic Front Load with In-built Heater Silver,4.3,30290
LG 9 kg 5 Star Fully Automatic Front Load with In-built Heater Grey,4.5,43990
Midea 8 kg Garment Sterilization Fully Automatic Front Load with In-built Heater Silver,4.3,22990
Midea 7 kg Garment Sterilization Fully Automatic Front Load with In-built Heater Grey,4.3,20490
Bosch 6.5 kg Fully Automatic Front Load with In-built Heater White,4.4,25490
Bosch 6.2 kg Fully Automatic Front Load with In-built Heater White,4.1,22990
"Galanz 8 kg Quick Wash, Inverter Fully Automatic Front Load with In-built Heater White",4.1,22990
Bosch 8 kg 5 Star INVERTER TOUCH CONTROL Fully Automatic Front Load with In-built Heater White,4.3,33990
Midea 7 kg Fully Automatic Front Load with In-built Heater White,4.3,20490
Motorola 8kg 5 Star Smart Wi-Fi Enabled Inverter Technology Fully Automatic Front Load with In-built H...,4.2,31490
Bosch 6 kg 5 Star INVERTER TOUCH CONTROL Fully Automatic Front Load with In-built Heater White,4.3,22990
Motorola 7 kg Inverter Technology Fully Automatic Front Load with In-built Heater White,4.2,24990
Samsung 7 kg 5 star inverter Fully Automatic Front Load with In-built Heater White,4.4,28190
Bosch 8 kg 5 Star Fully Automatic Front Load with In-built Heater White,4.4,32999
Midea 6 kg Fully Automatic Front Load with In-built Heater White,4.3,18990
Bosch 8 kg Fully Automatic Front Load Silver,4.6,36950
Midea 8.5 kg Magic Wash Fully Automatic Front Load with In-built Heater White,4.3,25990
IFB 6 kg 5 Star Fully Automatic Front Load with In-built Heater White,4.4,27190
IFB 6.5 kg 5 Star Fully Automatic Front Load with In-built Heater White,4.4,29999
LG 6.5 kg 5 Star Fully Automatic Front Load with In-built Heater Silver,4.5,32990
IFB 6.5 kg 5 Star Fully Automatic Front Load with In-built Heater Silver,4.2,32490
LG 8 kg 5 Star Fully Automatic Front Load with In-built Heater Silver,4.5,38990
"Sansui 6 kg Steam Wash Fully Automatic Front Load with In-built Heater Silver, Grey",4.2,18490
IFB 6 kg Fully Automatic Front Load with In-built Heater White,4.4,23940
IFB 6.5 kg 5 Star Fully Automatic Front Load with In-built Heater Silver,4.3,30290
LG 9 kg 5 Star Fully Automatic Front Load with In-built Heater Grey,4.5,43990
Midea 8 kg Garment Sterilization Fully Automatic Front Load with In-built Heater Silver,4.3,22990
Midea 7 kg Garment Sterilization Fully Automatic Front Load with In-built Heater Grey,4.3,20490
Bosch 6.5 kg Fully Automatic Front Load with In-built Heater White,4.4,25490
Bosch 6.2 kg Fully Automatic Front Load with In-built Heater White,4.1,22990
"Galanz 8 kg Quick Wash, Inverter Fully Automatic Front Load with In-built Heater White",4.1,22990
Bosch 8 kg 5 Star INVERTER TOUCH CONTROL Fully Automatic Front Load with In-built Heater White,4.3,33990
Midea 7 kg Fully Automatic Front Load with In-built Heater White,4.3,20490
Motorola 8kg 5 Star Smart Wi-Fi Enabled Inverter Technology Fully Automatic Front Load with In-built H...,4.2,31490
Bosch 6 kg 5 Star INVERTER TOUCH CONTROL Fully Automatic Front Load with In-built Heater White,4.3,22990
Motorola 7 kg Inverter Technology Fully Automatic Front Load with In-built Heater White,4.2,24990
Samsung 7 kg 5 star inverter Fully Automatic Front Load with In-built Heater White,4.4,28190
Bosch 8 kg 5 Star Fully Automatic Front Load with In-built Heater White,4.4,32999
Midea 6 kg Fully Automatic Front Load with In-built Heater White,4.3,18990
Bosch 8 kg Fully Automatic Front Load Silver,4.6,36950
Midea 8.5 kg Magic Wash Fully Automatic Front Load with In-built Heater White,4.3,25990
IFB 6 kg 5 Star Fully Automatic Front Load with In-built Heater White,4.4,27190
IFB 6.5 kg 5 Star Fully Automatic Front Load with In-built Heater White,4.4,29999
LG 6.5 kg 5 Star Fully Automatic Front Load with In-built Heater Silver,4.5,32990
IFB 6.5 kg 5 Star Fully Automatic Front Load with In-built Heater Silver,4.2,32490
"Hafele 6 kg Hygiene Wash, 15 Min Wash, Smart Motor Technology Fully Automatic Front Load with In-built...",4.5,19490
Motorola 6.5 kg 5 Star Smart Wi-Fi Enabled Inverter Technology Fully Automatic Front Load with In-buil...,4.2,26990
Motorola 10.5 kg 5 Star Smart Wi-Fi Enabled Inverter Technology Fully Automatic Front Load with In-bui...,4.2,33990
IFB 6 kg 5 Star Fully Automatic Front Load with In-built Heater Silver,4.4,28590
LG 6 kg Fully Automatic Front Load with In-built Heater White,4.2,24990
"Galanz 10 kg Quick Wash, Inverter Fully Automatic Front Load with In-built Heater Silver",4.1,33990
Samsung 6 kg Fully Automatic Front Load with In-built Heater Silver,3.5,27999
MarQ by Flipkart 7 kg with Self Clean Technology Fully Automatic Front Load with In-built Heater White,4.0,19990
Bosch 8 kg Fully Automatic Front Load White,4.4,35400
Whirlpool 7 kg Fully Automatic Front Load with In-built Heater White,,28990
LG 6 kg 5 Star Fully Automatic Front Load with In-built Heater White,4.5,26990
Midea 7 kg Garment Sterilization Fully Automatic Front Load with In-built Heater Grey,4.3,20490
IFB 6.5 kg 5 Star Fully Automatic Front Load with In-built Heater White,4.3,30990
LG 6 kg Fully Automatic Front Load with In-built Heater White,4.5,28499
Bosch 6 kg Fully Automatic Front Load White,4.3,21900
"Galanz 9 kg Quick Wash, Inverter Fully Automatic Front Load with In-built Heater White",4.1,28990
LG 7 kg 5 Star Fully Automatic Front Load with In-built Heater Silver,4.5,36990
Bosch 6 kg 5 Star INVERTER TOUCH CONTROL Fully Automatic Front Load with In-built Heater Silver,4.3,23990
"iFFALCON 8 kg Energy Efficient, Auto Error Diagnosis Fully Automatic Front Load with In-built Heater W...",4.0,22490
IFB 6 kg 5 Star Fully Automatic Front Load with In-built Heater White,4.2,24590
LG 6.5 kg 5 Star Fully Automatic Front Load with In-built Heater White,4.5,28990
IFB 7 kg Fully Automatic Front Load with In-built Heater Silver,4.4,34990
Midea 7 kg Garment Sterilization Fully Automatic Front Load with In-built Heater White,4.2,19990
Galanz 7 kg Quick Wash Fully Automatic Front Load with In-built Heater Silver,4.1,19990
Panasonic 8 kg Fully Automatic Front Load with In-built Heater Grey,4.2,26990
LG 6.5 kg Inverter Fully Automatic Front Load with In-built Heater Silver,4.4,28851
Bosch 6 kg Fully Automatic Front Load with In-built Heater White,4.4,22990
Midea 8 kg Garment Sterilization Fully Automatic Front Load with In-built Heater Silver,4.3,22990
Bosch 6.5 kg Fully Automatic Front Load with In-built Heater White,4.3,27990
Samsung 6 kg Inverter Fully Automatic Front Load with In-built Heater White,4.4,24690
IFB 6 kg 5 Star Fully Automatic Front Load with In-built Heater Silver,4.2,27390
Godrej 7 kg Fully Automatic Front Load with In-built Heater White,4.3,22490
Bosch 7 kg ExpressWash Fully Automatic Front Load with In-built Heater White,4.4,33490
Galanz 6 kg Quick Wash Fully Automatic Front Load with In-built Heater White,4.1,16990
Galanz 7 kg Quick Wash Fully Automatic Front Load with In-built Heater White,4.1,20990
Bosch 7 kg Fully Automatic Front Load Silver,4.5,27999
"MarQ by Flipkart 7.5 kg Fully Automatic Front Load with In-built Heater Silver, Grey",4.2,21990
Samsung 8 kg Fully Automatic Front Load Grey,,38900
IFB 7 kg Fully Automatic Front Load with In-built Heater Silver,4.3,31490
Motorola 6.5 kg 5 Star Smart Wi-Fi Enabled Inverter Technology Fully Automatic Front Load with In-buil...,4.2,26990
Bosch 8 kg Inverter ExpressWash Fully Automatic Front Load with In-built Heater White,4.4,34899
Voltas Beko 6 kg Fully Automatic Front Load with In-built Heater White,4.1,19900
Samsung 8 kg Fully Automatic Front Load with In-built Heater Grey,4.1,44200
LG 7 kg 5 Star Fully Automatic Front Load with In-built Heater Grey,4.5,39490
MarQ by Flipkart 6.5 kg Fully Automatic Front Load with In-built Heater White,4.3,17990
Whirlpool 8 kg Fully Automatic Front Load White,4.1,31990
LG 6 kg Fully Automatic Front Load with In-built Heater Silver,4.3,29599
Samsung 8 kg Fully Automatic Front Load White,,35990
MarQ by Flipkart 6 kg with Self Clean Technology Fully Automatic Front Load with In-built Heater White,4.0,17990
Siemens 8 kg Fully Automatic Front Load Silver,4.0,32990
Sansui 7 kg Fully Automatic Front Load with In-built Heater White,3.9,18990
Samsung 6.5 kg Fully Automatic Front Load Silver,4.4,31100
LG 6.5 kg Fully Automatic Front Load with In-built Heater White,4.5,30499
LG 8 kg 5 Star Fully Automatic Front Load with In-built Heater Grey,4.5,42900
IFB 7 kg 5 Star Fully Automatic Front Load with In-built Heater White,4.2,32799
MarQ by Flipkart 7.5 kg Fully Automatic Front Load with In-built Heater White,4.3,21990
Whirlpool 6 kg Fully Automatic Front Load White,,24990
Haier 6 kg Fully Automatic Front Load with In-built Heater White,4.7,24490
Samsung 7 kg Inverter Fully Automatic Front Load with In-built Heater White,4.4,32990
Samsung 8 kg Fully Automatic Front Load Grey,,43280
IFB 7.5 kg 5 Star Fully Automatic Front Load with In-built Heater White,4.4,32990
Samsung 8 kg Fully Automatic Front Load White,,36962
LG 7 kg 5 Star Fully Automatic Front Load with In-built Heater White,4.5,35799
Midea 8.5 kg Magic Wash Fully Automatic Front Load with In-built Heater White,4.3,25990
IFB 6.5 kg 5 Star Fully Automatic Front Load with In-built Heater White,4.3,30490
Haier 7.5 kg Fully Automatic Front Load with In-built Heater Gold,5.0,35690
Bosch 9 kg Fully Automatic Front Load with In-built Heater White,3.6,69190
Siemens 7 kg Fully Automatic Front Load Grey,4.3,32490
Bosch 6.5 kg Fully Automatic Front Load with In-built Heater Silver,4.3,31990
Bosch 8 kg Inverter Fully Automatic Front Load White,4.3,53899
LG 6 kg Inverter Fully Automatic Front Load with In-built Heater White,4.5,29900
Whirlpool 7 kg Fully Automatic Front Load White,4.0,28999
"Galanz 8 kg Quick Wash, Inverter Fully Automatic Front Load with In-built Heater White",4.1,22990
Samsung 6 kg Fully Automatic Front Load White,,27400
LG 6.5 kg Inverter Fully Automatic Front Load with In-built Heater White,4.4,37990
LG 8 kg Fully Automatic Front Load with In-built Heater Silver,,38759
"Galanz 8 kg Quick Wash, Inverter Fully Automatic Front Load with In-built Heater Silver",4.1,25990
Bosch 6.5 kg Fully Automatic Front Load with In-built Heater White,4.3,29990
Panasonic 7 kg Fully Automatic Front Load with In-built Heater White,4.1,23990
IFB 6 kg Fully Automatic Front Load with In-built Heater Silver,4.4,25990
LG 8 kg Inverter Wi-Fi with 6 Motion DD Technology Fully Automatic Front Load with In-built Heater Gre...,4.2,43490
Siemens 8 kg Fully Automatic Front Load White,4.4,30990
LG 7 kg Fully Automatic Front Load with In-built Heater Silver,4.1,39990
Samsung 7 kg Fully Automatic Front Load with In-built Heater Grey,4.7,37700
Lloyd 6 kg Fully Automatic Front Load with In-built Heater White,,21960
Samsung 7 kg Fully Automatic Front Load Grey,,37900
Samsung 7 kg Fully Automatic Front Load Grey,,48962
Bosch 7 kg Fully Automatic Front Load with In-built Heater White,4.6,30499
Lloyd 6 kg Fully Automatic Front Load with In-built Heater Silver,4.7,25990
Lloyd 7 kg Fully Automatic Front Load with In-built Heater White,4.0,26790
Haier 7 kg Fully Automatic Front Load Grey,5.0,28490
Haier 6.5 kg Fully Automatic Front Load with In-built Heater Grey,3.4,23490
LG 6 kg Inverter Fully Automatic Front Load with In-built Heater White,4.4,23990
LG 6 kg Fully Automatic Front Load with In-built Heater White,4.3,27599
LG 8 kg Fully Automatic Front Load Silver,4.4,37990
Haier 8 kg Fully Automatic Front Load Gold,4.5,36990
Samsung 7 kg Fully Automatic Front Load with In-built Heater White,,36990
Siemens 7 kg Fully Automatic Front Load Grey,4.1,28490
Bosch 6 kg Fully Automatic Front Load with In-built Heater Silver,4.3,27990
IFB 7.5 kg 5 Star Fully Automatic Front Load with In-built Heater White,4.4,37390
Haier 6 kg Fully Automatic Front Load with In-built Heater White,4.5,22490
Samsung 6 kg Fully Automatic Front Load White,,26999
LG 8 kg Inverter with Allergy Care Fully Automatic Front Load with In-built Heater White,4.3,36799
Siemens 7 kg Fully Automatic Front Load Grey,4.8,28490
IFB 6 kg Fully Automatic Front Load with In-built Heater Silver,4.3,24320
LG 7 kg Inverter Fully Automatic Front Load with In-built Heater Silver,4.0,36950
Intex 6 kg Fully Automatic Front Load with In-built Heater White,3.9,22890
"Galanz 10 kg Quick Wash, Inverter Fully Automatic Front Load with In-built Heater Silver",4.1,33990
Samsung 9 kg Fully Automatic Front Load with In-built Heater Grey,,59900
Samsung 6 kg Fully Automatic Front Load Grey,4.2,29500
Samsung 8 kg Fully Automatic Front Load with In-built Heater White,4.0,45000
Bosch 6.2 kg Fully Automatic Front Load Silver,,28980
"Galanz 9 kg Quick Wash, Inverter Fully Automatic Front Load with In-built Heater White",4.1,28990
LG 10.5 kg Fully Automatic Front Load with In-built Heater Grey,4.3,59636
Samsung 6 kg Fully Automatic Front Load Silver,,28650
Lloyd 8 kg Fully Automatic Front Load with In-built Heater Silver,,30890
LG 8 kg Fully Automatic Front Load with In-built Heater Silver,4.4,49990
Bosch 10 kg Fully Automatic Front Load with In-built Heater White,,62899
Haier 6 kg Fully Automatic Front Load with In-built Heater White,,21980
"Toshiba 8 kg Inverter, COLOR ALIVE, Drum Clean Technology Fully Automatic Front Load with In-built Hea...",,35000
Samsung 6.5 kg Fully Automatic Front Load Grey,3.4,32100
Samsung 8 kg Fully Automatic Front Load Silver,3.2,56203
Siemens 7 kg Fully Automatic Front Load Silver,4.7,28490
"Galanz 9 kg Quick Wash, Inverter Fully Automatic Front Load with In-built Heater Silver",4.1,26990
Bosch 9 kg Inverter Fully Automatic Front Load White,5.0,59899
Godrej 6 kg Fully Automatic Front Load with In-built Heater Silver,4.1,31919
IFB 8 kg Fully Automatic Front Load Silver,5.0,39564
IFB 8.5 kg Fully Automatic Front Load with In-built Heater White,,41999
Panasonic 6 kg Fully Automatic Front Load with In-built Heater Grey,,25990
IFB 7.5 kg Fully Automatic Front Load with In-built Heater White,3.7,33990
Godrej 7 kg Fully Automatic Front Load with In-built Heater White,4.1,30000
Godrej 6 kg Fully Automatic Front Load with In-built Heater White,4.3,23590
Bosch 7 kg Fully Automatic Front Load with In-built Heater White,,31490
Bosch 7 kg Fully Automatic Front Load with In-built Heater Grey,,31990
Bosch 8 kg Fully Automatic Front Load with In-built Heater White,,34490
Hafele 8 kg Fully Automatic Front Load with In-built Heater White,,63992
Panasonic 7 kg Fully Automatic Front Load with In-built Heater Silver,,31279
Bosch 6.5 kg Fully Automatic Front Load with In-built Heater Silver,4.4,29999
IFB 7.5 kg Fully Automatic Front Load with In-built Heater Silver,4.0,35999
Samsung 7 kg Fully Automatic Front Load Grey,,40990
Bosch 7 kg Fully Automatic Front Load with In-built Heater Silver,,32229
IFB 6 kg Fully Automatic Front Load with In-built Heater White,,22999
Impex 6 kg Fully Automatic Front Load with In-built Heater White,,21990
Bosch 6.5 kg Inverter Fully Automatic Front Load Silver,4.3,29990
Siemens 8 kg Fully Automatic Front Load,,36300
"Toshiba 7 kg COLOR ALIVE, Drum Clean Technology, 15-Minute Quick Wash Fully Automatic Front Load with ...",,27950
Samsung 6.5 kg Fully Automatic Front Load White,,26990
Siemens 7 kg Fully Automatic Front Load,4.4,30490
Samsung 6.5 kg Fully Automatic Front Load White,,31790
IFB 6 kg Fully Automatic Front Load with In-built Heater Silver,4.3,29649
Samsung 7 kg Fully Automatic Front Load with In-built Heater White,,33490
Samsung 6.5 kg Fully Automatic Front Load with In-built Heater Silver,5.0,32990
Croma 6 kg Fully Automatic Front Load with In-built Heater White,,19990
Haier 7 kg Fully Automatic Front Load with In-built Heater Grey,4.4,31990
"Toshiba 7.5 kg COLOR ALIVE, Drum Clean Technology, 15-Minute Quick Wash Fully Automatic Front Load wit...",,33999
Panasonic 6 kg Fully Automatic Front Load with In-built Heater White,,24499
Hafele 7 kg Fully Automatic Front Load with In-built Heater White,,36152
Samsung 6.5 kg Fully Automatic Front Load with In-built Heater White,1.0,30990
Hafele 8 kg Fully Automatic Front Load with In-built Heater White,,38773
Hafele 8 kg Fully Automatic Front Load with In-built Heater White,,65672
Godrej 6 kg Fully Automatic Front Load with In-built Heater White,4.3,22999
"Toshiba 7 kg Inverter, COLOR ALIVE, Drum Clean Technology Fully Automatic Front Load with In-built Hea...",,32490
Equator 9 kg Fully Automatic Front Load with In-built Heater White,,45000
"Toshiba 11 kg Anti-bacterial Gasket, GREATWAVES Technology Fully Automatic Front Load with In-built He...",,60990
Samsung 7 kg Fully Automatic Front Load White,,39900
Haier 6 kg Fully Automatic Front Load with In-built Heater White,4.4,25290
